lemma	reconstructed_semitic_forms
aabim	ᵓhb
aabsm[ ]	ᶜbdᵓšmn
aba	
abaddier	
abaddir	ᵓb ᵓdr ; ᵓbn ; ᵓdr ; ᵓbn
abaddires	
abaddiri	
abaddiris	
abaeus	ᵓb ; ᶜbd
abaic[ ]	
abascanti	
abascantio	
abassi	
abbae	
abbal	ᵓb ; bᶜl ; ᵓb ; ᵓabī ; ᶜbdbᶜl
abbaluth	ᶜbdbᶜlt ; ᶜbd
abbonia	ᵓb
abbonius	
abbosa	
abdacus	ᶜbd ; ᶜbd
abdae	ᶜbd
abdalonymus	ᶜbdᵓlnm
abdas	ᶜbd ; --ᵓ
abdasi	
abdatis	
abdazi	ᶜbd ; ᶜz
abde	ᶜbdy ; ᶜbdᵓ
abdera	
abdeu	ᶜbd
abdi	
abdilia	ᶜbd ; ᵓl ; ᶜbd
abdilim	ᶜbd ; ᵓlm
abdilius	
abdira	
abdismunis	ᶜbd ; ᵓšmn
abdouesem[	ᶜbd
abdus	ᶜbd
abdusmun	
abdusmyn	
abeddonis	ᶜbd
abedeunis	šlm lh ; ᶜbd
abenius	ᵓbn
abennius	
aberius	
aberria	
aberrinius	
abi	ᵓb
abidir	
abigeus	
abigineus	
abihius	ᵓb
abillahas	
abinnaeus	ᵓb
abinneianus	ᵓb
abius	ᵓb
abnaccan	
abon	
abonis	
abori	
abuda	
abullia	
abullius	
aburrianus	
aburrius	
abus	
abusor	ᶜbdkšr
abzea	
abzeius	
acasam	
acasan	
acasanis	
accurasan	
acelus	ᶜglᵓ
acerbas	
acherbae	
acherbam	
acherbas	
achir	
achul	
acidonis	
acileia	
acimariu	
aconia	
acreni	
acum	
adaer	
adan	ᵓdn
adarb	
adarbal	
adarbalis	
adduar	
addunis	ᵓdn
adeca	
ader	ᵓdr
aderbalo	
adherbal	
adherbal	ᵓdrbᶜl ; ᵓaddīr ; ᵓdr
adherbale	
adherbalem	
adherbali	
adherbalis	
adluir	
admicaris	ḥmlqrt ; ḥnmlqrt ; ᶜbdmlqrt ; ḥnmlqrt
adnibali	ᵓ dnbᶜl ; ḥnbᶜl
adnlinis	ᵓdn ; ᵓlm ; ᵓdn
adombal	ᵓdnbᶜl
adomynim	
adonis	ᵓdn
ador	
aduddae	
aechanna	
aenoni	
afun	
agbor	ᵓgbr
agbori[	
agdibil	
agi	
aiburhu	
aithaae	ytᶜw
akzucia	
alacanza	
alantas	
altifatan	ᶜwṭ
altilimas	
altisan	
altiserae	
alurusa	
alurusae	
amaonius	
amastra	
amicar	
amicaris	
amicoru	
amillus	
ammicar	
ammicari	
ammicaris	
ammon	
ammon	
ammoni	
ammoni	
ammoni	
ammonis	ḥmn
ammonii	
ammonius	
amo[	
amobbali	ᵓmtbᶜl
amolim	ᵓamat ; ᶜabd ; ᵓelim ; ᵓlm
amonis	
amotbal	ᵓmtbᶜl
amotmicar	ᵓmtmlqrt
amphiani	
amubal	
ancharius	
ancum	
anesti	
anibas	
anikua	
anina	--ḥnn
aninus	
annbal	
annibal	
annibalem	
annibalis	
anniboni	
anniboni	
annibonia	
annibonius	ḥnbᶜl
anniculo	
annio	
annius	ḥnn
anno	
annobal	
annobalis	ḥnbᶜl
annonis	mtn bn ḥnᵓ
annonius	
anob[	
anobal	
anobalis	
anonis	
anonius	
anpamilla	
antala	
antalae	
antalan	
antalas	
antalas	
antifan	
anzatal	
aor	
apama	
apiusius	
apoi	
aracan	
arbai	
arbuscula	
arest	ᵓršt
ari[	
aridis	
arifridos	
aril	
arilu	
arinem	
arini	
arinis	ᵓrš
arionis	
aris	ᵓrš
arisi	
arisia	
arisim	
arisio	
arissani	
arist	
aristo	
aristoinis	
aristonis	
arisu	
arisus	
arisut	
arisuth	
arnasi	
arrisut	
arsima	
arson	
aruedera	
arzen	
asabar	
asan	
asdrubal	
asdrubale	
asdrubali	
asm[  ]nis	ᵓšmn
asmun	ᵓšmn
asmunis	
asmunius	
aspar	h-šr
aspare	
asparem	
asprenatis	
assan	
astinami	stnᶜmt
astulae	
asurih	
asuris	
athonis	
aubsar	ᶜbd
aucfiarzo	
auchusoris	ᶜbdkšr
audasso	
audif	
audilimanis	
aufulenius	
aulis	
aulisuae	
aumasgari	ᶜbd
aumatunus	
aumura	
auni	
aunis	
aunna	
auolim	
aurasi	
ausio	
ausnufae	
auspur	
autiliten	
autiseran	
autufadin	
aylima(s)	
aymnus	
azdrubal	
azrubal	
azrubalis	
azzrubalis	
baalsamen	bᶜl šmym ; bᶜlšmᶜ ; bᶜl
babbalis	
babbe	
babuis	
bacaci	
baeregbal	
baga	
bailthoni	
baisillecis	
bal	
balcilecis	
baldir	
balena	
balenis	
baliahaton	
baliaho	
baliahon	bᶜlyḥn
baliahonis	
baliahons	
baliao	
baliaonis	
baliasonis	
baliatho	
baliathon	
baliathonis	
baliato	
baliaton	bᶜlytn
baliatonis	
balibal	
balibalis	
baliddiri	bᶜlᵓdr
baliddiris	
balienis	bᶜlyḥn
baline	
balis[	
balithon	
balithonis	
baliton	
balliathonis	
ballienis	
balo[	bᶜl
balonis	
balsamem	
balsami	
balsamia	
balsamiorum	
balsamius	bᶜlšmʕ
balsamo	bᶜlšmᶜ
balsamonis	
balsilece	
balsilechis	
balsileci	
balsille	
balsillec	bᶜlšlk
balsillecis	
balsilus	
balyne	
baniura	
banno	bᶜlḥnᵓ ; bᶜlḥnᵓ
bannonis	
banocilo	bᶜlḥnᵓ
bar	
baracei	
barachianus	
baracho	
barachonis	
barag	
barahi	
barasix	
barbgali	
barcusa	
barecbalis	
barecbals	
barecis	
bargbal	
bargbalis	
bargeus	
bargyddeni	
barhic	
bari	
bari[	
baria	
baribal	
baribalis	
baribgal	
baribgalis	
baribgelis	
baric	
baric[	
barical	
baricas	
baricbal	brkbᶜl
baricbalis	
baricca	
bariccio	
barice	
baricem	
barich	
baricha	
barichal	
barichio	
barichionis	
barichis	
barici	
barici	
barici[	
baricio	
bariciolus	
baricione	
baricioni	
baricionis	
baricis	
baricissus	
baricus	
barig	
barigal	
barigbal	
barigbal[is]	
barigbali	
barigbali	
barigbalis	
barigbalus	
barih	
bariha	
barihhas	
barihis	
barin[	
bariobali	
bariricis	
barisal	
bark	
barlahae	brᵓlhᵓ
barsilla	bᶜlšlk
barsippa	
baruci	
baryci	
basa	
bathylli	
bathyllus	btᵓl
bato	
batza	
baugilus	
baza	
becar	
beccut	bgᶜt
belbaraci	
beli	
bellen	
belo	
belum	
belus	bᶜl
berebgal	
berec	
berecbal	
berecbal	
berechi	
berecht	
bereci	
berect	
berecte	
berecth	
berecthe	
berectina	
beregbal	
beregbalis	
beregis	
bereh	
beret	
berethina	
beric	
berict	
berihbal	
berregt	
besan	BšN
bezina	
bibai	
bibba	bbᶜ
bibi	
biccar	
bicchari	
biceci	
bicis	
bidbal	bdbᶜl
bilibgal	
billarus	
bira	
birae	
biri	
biric	
biric	
biricbal	
biricbalis	
birich	
birichi	
birici	
biricia	
biricius	
birict	
birictbal	
birihbal	
birihtina	
birihut	
birissio	
birsil	
birz	
birzic	
birzil	
birzili	
birzilianus	
birzilis	
bisil	
bisfizl	
bitias	btwbᶜl
bitipten	
bizzo	
boccho	
boccom	
bocro	
bodin	
bodmilkaris	
bodsychun	
bogud	bgᵓt
bogude	
bogudis	
bogus	
bolmicar	
bomilcar	
bomilcarem	
bomilcari	
bomilcaris	
boncar	
boncarth	
bonchor	
boro[	
boroc	
boroc[	
borocia	
boroct	
boruc	
bosiharis	
bostar	bdᶜštrt
bostare	
bostarem	
bostari	
bostaris	
bot[	
botonis	
botor	
botriano	
botrianus	
botrus	
botto	
bret	
bricia	
brumasa	
bruten	
bruten	
bubal	
bubbal	
bucar	
bucari	
bucures	
bufuma	
bullus	
buraido	
burc	
burcai	
burcanta	
burcaton	
burco	
burct	
burgia	
burh	
buruc	
burucbal	
burucia	
burucosa	
burucus	
burugia	
burusosa	
butel	
butilla	
butur	
butura	
buturaia	
buturari	
buturaria	
buturarius	
buturata	
buture	
buturicus	
buturus	
buzuris	
byrycth	
cabde[	
cabdollionis	kbdᵓlm
cabdollom	
cabdollonia	
cabdolonis	
cabin	
cabiresis	
cacca	
caccaban	
cadaius	
cadami	
cadarai	
caggun	
cala	
calabius	
calam	
calamena	
calipus	
calmasa	
camalum	
camalus	
cambri	
cambrus	
cambulus	
canaca	
canacia	
canapi	
canapphari	
canarta	
canbo	
canissus	
cannafus	
cansidaba	
caphada	
capussa	
caramanic	
carcasan	
carilo	
carmonim	
cartelli	
cartilia	qrtᵓl
cartiliae	
casaz[	
castulae	
castulini	
castulus	bᶜl
cata stis	
catagi	
catamilla	
catapala	
catapalae	
catapaliani	
catapalianus	
catelma	
catiosa	qdš ; qdš
catubar	
catzo	
ceaditis	
cecud	
cenute	
ceras	
ceraus	
cerdubis	
cerinamam	
cernisai	
cestoris	grᶜštrt
cestronis	
cesus	
ceucrum	
chachonis	
chaddia	
chaddita	
chafaris	
chalia	
chalimace	
chanaebo	
chanaris	
charanus	
chelido	
chelidon	
cheriasta	
chinanipis	
chinidial	kndyᶜl
chinisdo	
chinithi	
chinithius	
chinitiu[	
chirit	
chiteos	
cholobonius	
chubud	kbdmlqrt, kbᶜštrt
chubudis	
chubudit	
chubur	
chulam	
chullam	
chunin	
chyrdidry	
ciccisa	
cicisa	
cicot	
cidonis	
cilleno	
cimbae	
cincittinio	
cinin	
cinitius	
cinneae	
cinsonius	
ciri	
ciribo	
ciripittate	
cirrin	
cirrus	
cirus	
cisasa	
cisi	
citeus	
citibus	
citin	
citina	
citini	
citinus	
cititius	
citteus	
cittin	qṭ
cittina	
cittindim	
cittine	
cittini	
cittinim	
cittinus	
cituitia	
citus	
ciudus	
cizau	
cocas	
coccoitchanus	
codd[ea]	
codde	qdš
coddei	
coddeus	
coddius	
coddosa	qdš
codenis	gdnᶜm
codes[	
codra	
cogilla	
cogutan	
coihonis	
coini	
coiuzanis	
colobonius	
conunian	
coruda	
corus	
cosgonius	
cosina	
cota	
cotinus	
cottinus	
cotuzanis	
couuldonia	ᵓdn
crira	
cronha	
cubdido	
cubulio	
cuca	
cuccas	
cucosa	
cudai	
cudeus	
cudilu	gdᵓl
cudin[ ]	
cudin/cudai	
cududas	
cududia	
cududus	
cuduli	
cudullus	
cudulus	
culib	
cullan	
cullen	
cullube	
cund[	
cundot	
cunilia	qnᵓl
curai	
cursen	
curtilius	
curunni	
cusanrasi	
cusina	
cusoris	kšr
cutai	
cutaiv	
cutiae	
cutilia	
cutilius	gdᵓl
cutin	
cutruiia	
cutta	
cutteo	
cutteus	
cuttia	
cuttinus	
cutu[	
cutula	
cutullus	
cututia	
cutzara	
cutzupitarum	
cynasin	KNIšN
dabar	tšdbᶜr
dabarem	
dabaris	
dadarianus	
dafi	
dago	
dailua	
damioni	
damon	
daretis	
daris	
dasama	
derci	
deusonii	
diaboro	
diabulla	
dialecis	
dibusteribt	
dicar	
dida	
didda	
didei	
dideiia	
didia	
didii	
didin	
didius	
dido	
didose	
didustius	
dirlia	
dischunis	
discun	ᶜbdskn
disen	
dixon	
dlns	
dona	
donnus	
donta	
dontius	ᵓdn
dubb	
dubbainar	
dubila	
duda	
dudate	
dudda	
duddasi	
dude	
duddina	
duded	
dudit	
dudulius	
durpii	
duruia	
dyrus	
earbal	yḥ(r)bᶜl
earin	
easuctan	
ebasius	
ebraxia	
ecleni	
ecoini	
edoni[	
eilimare	
elcel	
elicatis	
elmasa	
elua	
emi	
enaris	
enipten	
eporin	
erancun	
erim	
ernemius	
esarius	
esdeia	
esputredan	
esuuia	
esuuius	
eucaddires	ᵓdr
eumorisbas	
euassan	
euassi	
euassus	
euessanu	
exupius	
fa[ ]ir	
faddatiu	
faeda	
faem	pᶜm ; pᶜm
faggura	
fagustan	
faraxen	
farbigil	
farisa	
fasarianus	
fasilia	
fasir	
fasiria	
fassota	
fau	
faussanus	
fazai[	
feklun[	
felaut	
felyssam	
feriusis	
fezinis	
fiddecs	
fileti	
filica	
fintera	
fintir	
firciconis	
fircir	
firindas	
firsicius	
fittau	
fittauis	
fixucchi	
flunia	
focolim	
fofican	
frecten	
fuare	
fudina	
fue	
fusinica	
futinis	
futusai	
fuzai	
fuzon	
fydel	
gabali	
gabull	
gadaeus	
gadaia	
gadais	
gaddala	
gaddi	
gaetula	
gaetulicus	
gaetulus	
gafiuta	
gairnusus	
gaitatis	
gaiuta	
gaiutas	
gala	
gala	
galae	
galam	
galara	
galazus	
gallibalonis	
gamasdrum	
gamice	
ganibosus	
gantal	gwṭ
ganus	
garafin	
garama	
garamantius	
garamas	
gardius	
gargir	
garici	
garicius	
garta	
garuatis	
gato	
gauda	
gaudae	
gaudo	
gdiais	
geddes	
geddo	
gedudus	
gelesa	
gellupus	
genila	
gennla	
gennunis	
gentiussu	
ger	
gerius	
gerrasusu	
gerris	
gesne	
gestaris	grʕštrt ; grᶜštrt
getula	
getulicus	
ghuddis	
gibali	
gibba	
gibbae	
gibus	
gid	
gida	
giddinis	gdnᶜm
gidius	
gigennans	
gildonis	
gilesa	
gilo[	
giluae	
giluentius	
gioris	
giradius	
gisaco	
gisgo	
gisgone	
gisgonem	
gisgonis	
gitel	
gitteus	
gittus	
glitia	
goddaeus	
godde[	
goddeo	
goddos	qdš
godilius	gdᵓl
goggius	
gogius	
gogulus	
golius	
golulianus	
golulius	
gouines	
goutis	
guarizila	
guarsana	
guarsutiae	
gubul	
gubula	
gudala	
guddem	gdnᶜm
guddemi	
guddemis	
guddene	
guddens	
guddentis	
guddus	
gude	
gudei	
gude[i]	
gudeia	
gudeus	
gudia	
gudini	gdnᶜm
gudubal	
gudud	
gududa	
gududi	
gududia	
gududiae	
gududianus	
gududio	
gududus	
guduia	
guduis	
gudul	
gudula	
guduli	
gudulla	
gudulli	
gudullus	
gudulo	
gudulus	
gudus	
guduzo	
guenfan	
guentan	
gulalsa	
gulebian	
gullussam	
gulosa	
gulosus	
gulugae	
gulusa	
gulussa	
gulussa	
gulussae	
gumez	
gumina	
gumma	
guntarith	
gurai	
gurmo	
gurzil	
gusabius	
gusura	kšr
gutla	
gutmali	
gutruris	
gutula	
gutulus	
guzalt	
guzoliano	
gyddem	gdnᶜm ; gdnᶜm
habellius	
hacmca	
haderr	
hafu	
hagiris	
hamilcar	ḥnmlqrt
hamilcare	
hamilcarem	
hamilcari	
hamilcaris	
hamili	
hamillus	
hammon	
hammonem	
hammoni	
hammoniae	
hammonis	
hammonius	
hammonium	
hanapsua	
hannibal	ḥnbᶜl
hannibale	
hannibalem	
hannibali	
hannibalis	
hanno	ḥnᵓ
hannon	
hannone	
hannonem	
hannoni	
hannonis	
haos	
harmatis	
hasdrubal	ᶜzrbᶜl
hasdrubale	
hasdrubalem	
hasdrubali	
hasdrubalis	
hebenus	
hedone	
hesem	
heziua	
hiabar	
hiarbae	
hiarbas	
hiddibal	
hiempsal	
hiempsal	
hiempsale	
hiempsalem	
hiempsalis	
himilcho	
himilco	ᵓḥmlkt ; ḥmlkt
himilcone	
himilconi	
himilconis	
himilis	ḥmlk
hinam	
hisdreasen	
huris	
hylas	
hyola	
ia[  ]ae	
ia[  ]aris	
ia[  ]n	
iabari	
iabdidis	
iabenia	
iabenu	
iabra	
iabun	
iacchirius	
iacina	
iactorensis	
iacubus	
iad[	
iadar	ᵓdr
iadas	
iadde	
iaddir	
iade	
iader	
iaderi	
iaderis	
iadibelus	
iadipis	
iado	
iadyr	
iadyri	
iafic	
iafis	IFš
iagumus	
iagurte	
iah	
iahin	ḥnn
iahinas	
iahinis	
iahinus	
iahn	
iailuai	
ialauda	
ialauta	
ialauia	
ialdan	
ialdas	
ialeia	
ialeius	
ialfinis	
ialinsax	
iallius	
ialnoati[	
ials	
iamakara	
iamakaris	
iamascai	
iambal	
iambaria	
iambart	
iambus	
iamcar	
iameraban	
iameratanim	
iamgur	
iamili	
iammada	
iamo	ymᵓ
iamonis	
iamrur	
ianacis	
ianini	
ianparila	
iantu[	
iapasacis	IFšK
iaphne	
iapin	
iapiria	
iaps	
iapthmi	
iapusinni	
iar[	
iarasc	
iaraucan	
iarbae	
iarban	
iarbas	
iarecn	
iaresan	
iari	
iaridus	
iarisp	
iarnichan	
iarsacheni	
iarsefae	
iarsuleia	
iarti	
iartis	
iartidi	
iasau	
iasdae	
iasidba	ysdbᶜl
iasonis	yšn
iassia[	
iassicbalis	yskbᶜl
iassuchtan	
iasta	
iastr	
iasuc	IšK
iasucta	yᶜsktᶜn
iasuctan[	
iatta	
iatunis	
iatuuatuus	
iaudae	
iaudas	
iauoleni	
iba	
ibubalis	ᵓb--bᶜl
ibzathae	
ibztha	
icaman	
icch[na]nis	
icnanus	
iddibale	ᵓdnbᶜl ᵓrš
iddibal	ᵓdnbᶜl ; yd(y)ᶜbᶜl
iddibalis	
iddibalius	
idil	
idnibalis	
idonius	
iedo[	
iedonis	
ieiuiien	
ielidassen	
iemsali	
ieptae	
ieptanis	
ieptha	
iepthae	
ieracu	
ierditenu	
ierehei	yrḥy
iereheus	
ierhei	
ierinaniu	
ierna	
iernae	
ierni	
ierofan	
ieru	
ies[	
iesdanis	
ifisdaias	
ifnaten	
ifru	
igmazen	
igmazene	
ignem	
ihar[	
ihimir	h--ḥmwr
iider	
iidir	
iiloins	
iiueri	
ilan	
ilasan	
ilaucha	
iliamac	
ilic	
ililasene	
ilimus	ᵓlm ; ᵓlm
illilasen	
iloni	
iluni	ᵓl
imac	
iman[	
imastan	
imibal	
imilce	
imilcho	
imilchonis	ḥnbᶜl bn ḥmlkt ṭ
imilcone	
imilconis	
imilis	
imir	
immi	
immidib	
imten	
imsguar	ᶜwmzgwᶜr
imucius	
imunti	
inalnia	
indagius	
inesin	
ingirozoglezim	
inibal	ᵓdnbᶜl
inibi	
inimsen	
innibalis	
iobris	
iocoloni	
ioconia	
iolcaiuus	
ioli	yᵓl ; yᵓpᶜl
iononus	
iopas	
iostara	
iotelus	
iqazibal	
iria	
irnemius	
irsiti	
irso	
irti	
isac	
isachonis	
isachu	
isaguas	
isam[	
isater	
isflacia	
isgunte	
isibianus	
isicuar	
isiguar	
isiguari	
ismarus	
isot	
issa	
issbal	
issicuar	
issidba	
issiguaris	
isstatani	
issula	
istasa	
istatan	
istatianu[	
isteb	
isticia	
istoni	
istruge	
isurullis	
itamonis	ᵓt--ᵓmn ; ḥmn
iten	
ithimbal	ᵓt--bᶜl
ithymbal	
itibalis	ᵓt--bᶜl
itthuliliecis	šlk
iuba	
iuba	
iuba	
iubae	
iubae	
iubae	
iubaianum	
iubam	
iubdau[	
iubeus	
iucartae	
iucuta	
iudchad	
iudchadis	
iugmena	
iugurtam	
iugurtha	
iugurtha	
iugurtha	
iugurthae	
iugurthae	
iugurtham	
iuilida	
iuisus	
iuitin	
iulzis	
iumnins	
iummo	
iummon	
iumonius	
iunam	
iu[	
iur	
iura	
iuranis	
iurat	
iuratani	
iuratha	
iurathae	
iurathani	
iurathe	ywrᶜ[t]ᶜn
iurdama	
iutinus	
iuttaph	
iutungun	
iuzale	
iuzgagis	
iuzgao	
iyllul	
iylul	
izaca	
izas	
izazci	
izdon	
izeltae	
izotimi	
izzacae	
kadizon	
kanni	
karbanius	
karthago	
kasan[	
kassuniina	
labbas	
labdidis	
labreconis	
lacumazae	
lacumazen	
lacumazes	
ladas	
lade	
ladibelus	
lagoi	
lailim	
laltin	
lamaldan	
lantu[	
lanzi	
laricha	
lartidi	
lassbal	
latatis	
laudonis	
laulenia	
laumasan	
leptae	
leptha	
lepti	
leptinia	
leptius	
lercias	
licela	
licurdan	
lillecis	
lilleo	
lilloria	
lillosa	
lilua	
lohius	
loius	
loizi	
lorganus	
lornemius	
louella	
louius	
luccatis	
lucpusan	
lulh[i]m	
lutor	
m[       ]chan	
m[     ]uchan	
m[.....]isachonis	
maamon	
mababme	
mabbeus	
mac[	
mac[   ]rcu[	
maca	
macarcum	
macargum	
macari	
macaricus	
macaris	
macarius	
macarsa	
macasatus	
maccal	
maccalis	
maccarus	
maccurasan	
maccus	
macer	
macer[	
macergum	
macersumis	
machrus	
macia	
macidius	
macinu	
macori	
macorus	
mactacia	
mactrabas	
maculipus[   ]nus	
macurasenis	
macurgum	
macurtam	
macus	
maddanius	
madden	ᵓwlᵓd mdyn
madis	
maen	
mafa	
magal[	
magargun	
magari	
magario	
magariu	
magarius	
magarsae	
magdal	
magdira	
maggite	
magibius	
magifae	
maginu	
magirsumae	
mago	
magon	
magone	
magonem	
magonis	
magonius	
magonus	
magore	
magu	
magudianus	
maharbal	mhrbᶜl
maharbalem	
maharbale	
maisa[	
mak.caci	
malacbel[	
malagb[	
malamsus	
malceta	
malchi	
malchio	
malchione	
malchum	
malchus	
malcio	
malcus	
maldatacbalis	
malimorius	
malisuae	
mallerius	
mallina	
mallon	
malminus	
malq	
malsamo	
mamar	
mamfamo	
mamo	
mamon	
mamonia	
mamonica	
mamonicus	
mamonimus	
mamonis	
mamonius	
mamus	
manar	
manarilius	
mangala	mᵓnklᵓ$^{t
mangeddeni	
mangonius	
mannica	
manonasan	
manthaneus	
manti	
manti	
mantia	
mantina	
mantis	
mantisuae	
mantisynan	
mantutius	
manzerasen	
maodbu	ᵓmtbᶜl
map[	
mapalica	
mapol[	
mappalici	
mappalicus	
mappalienses	
maral	
maralafus	
marau	
maraus	
marax	
maraxa	
marganau	
maris	mrš
marisa	
marisat	
marisath	
marisgaruatis	
marith	
marmaris	
marsa	
marsanau	
martzara	
marules	
marzin	
mas	
mas[	
masac	
masacis	
masag	
masaisilen	
masal	
masambra	
masamon	
masamonica	
masan	
masatta	
masauca	
masauchan	
masbabae	
mascal	šql
mascanis	
mascarada	
mascaradiana	
mascauar	
mascel	
masceli	
mascelia	
mascezel	
mascezelem	
maschaua	
maschulus	
mascizel	
masclo	
masclonis	
masclus	
masculas	
masculi	
masculo	
masculus	
mascuti	
masese	
masestam	
masfelus	
masfetia	
masgaba	
masgabae	
masgabam	
masgabes	
masgau[	
masgiuini	
masguen	mšgwᶜn
masicama	
masiddice	
masidenis	
masierkar	
masiese	
masifianus	
masigama	
masik	
masineca	
masinissa	
masinissa	
masinissae	
masinissam	
masinius	
masintham	
masinthan	
masinthanis	
masiran	mᶜsyrḥn ; msyrᶜn
masirsumae	
masi[	
maslae	
masmaconis	
masnabubae	
masnit	
maso	
maso[	
masof	bnw mswfᵓ
masof	
masofis	
masofius	
masonia	
masopis	
massamai[	
massamari	
masse	
massenaganis	
massic[	
massici[	
massicla	
massiese	
massiranis	
massiua	
massiuam	
massiue	
masso	
massuea	
massugradae	
massulus	
massuricus	
mastalai	
mastanabale	bᶜl
mastanabalis	
mastanesosi	mštnsn ; mštnzn ; mštnḍn ; zwᵓsn
masthalul	
masthan[	
masthara	
masties	
mastiman	
mastlius	
mastliuam	
mastumae	
mastunti	
masucani	
masul	
masula	
masulis	
masuna	
masunae	
masupiani	
masupius	
masur	
masuri	
masurius	
masus	
matala	
matanica	
matas	
matauta	
maten	
matenii	
mathacianus	
mathamodis	
mather	
mathlich	
mathumannum	
mathun	
matica	
matif	
matiga	
matih	
matila	
matilam	mtᵓlᵓ ; mtᵓlt
matina	
matis	
matius	
matona	
matoncelia	
matronim	
mattasius	
matthaca	
mattia	
mattius	
matuia	
matulina	
matun	
matuni	
matunis	
matusiuia	
matussenia	
matut	
matzon	
matzones	
mauadio	
maubbal	mtbᶜl
mazacus	
mazaetulli	
mazaetullus	--bᶜl
mazana	
mazbalis	(ᵓ)mtbᶜl
mazic	mzġ
mazica	
mazicat	
mazics	
mazix	
mazuca	
mazzic	
mecrasi	
medaduli	mddbᶜl
medden	
medid	
medoc[	
medoceni	
medocius	
medur	
meduri	
meduria	
mefellesen	
meggeni	
meggenis	
meggent	
meggin	
megginus	
megonia	
megsen	
meilan	
meithunis	
melaudus	
meniden	
merasgun	
mescar	
mescellius	
mescenia	
mese	
mesonia	
mestan	
met[	
metasan	
metatis	
metcun	
metha	
methat	
methatis	
methes	
methimannum	
methres	
methun	
methunilim	mtnᵓlm
methus	
methymno	
metonia	
metonis	
metres	
mettes	
metthes	
metthun	
metthunis	
metthunus	
mettun	
mettuni	
mettunis	
metumus	
metun	
metuni	
metus	
metusanis	
meuzzen	
mgera	
mian	
miane	
mibiris	
mica	
micara	
miccasi	
micce	
miccgi[	
miccin	
miccina	
micin[	
micionis	
micipsa	
micipsa	
micipsae	
micipsam	
mictaeas	
miculisen	
micurenus	
midalatis	
midmanim	
mificum	
mig[	
miga	
migg	
miggin	
migginae	
migginem	
miggini	
migginia	
migginis	
migginniatunis	
migginus	
miggius	
migiginem	
migin	
migini	
miginis	
miha	
milcatonis	mylkᶜtn ; mlkᶜtn ; ᶜtn
milchaton	
milchatonis	
milcho	
milcin	
milichus	
milimo	
milimon	
milimonia	
millu	
milthumbal	
milthun	
milthunis	
mindia	
mindig	
mingin	
mininna	
mininnus	
minisai	
minna	
minthonia	
minthonii	
minthonis	
minthonius	
mioinedin	
mirmidonis	
mirnoria	
mirsine	
mirzi	
misantan	
misantas	
miscadaius	
misekor	
misic[	
misicir	
misiciri	
misicit	MšGT
misictri	
misigit	
misimia	
misimon	
misincius	
misinins	
mismanttonius	
misre	mzrḥ
missunes	
mistli[	
mistria	
mit	
mitani[	
mitatis	
mithimi	
mithini	
mitilci	
mitthia	
mittia	
mitthunbal	
mittuni	
mitun	
mitunbal	
mizguar	
mlutus	
mocconi	
mocconis	
moci	
mocimuli	
mocimus	
modare	
moflontius	
molphioniis	
mon.san	
monae	
mondonis	
monimus	
monis	
monistellus	
monna	
monnica	
monnina	
monnis	
monnula	
montio	
monula	
morinis	
morinus	
mosa	
mosina	
motmanio	
motthun	
moza	
mtyn	
muct[	
muctius	
mudui	
mufthum	
muganii	
muggunis	
muiihunbal	
muiium	
muimonimus	
muithumbalis	
muithun	
mulosim	
mulsulae	
multhumbalis	
multunos	
multus	
muracis	
murbacina	
murcila	
muricila	
muriferum	
murilla	
muruc	
musania	
musauis	
musianus	
musibia	
musilu	
mussia	
mussii	
mussius	
mussosa	
musta	
mustacia	
mustaciae	
mustecus	
mustela	
mustele	
mustelus	
musteoli	
musteolus	
musthumbalis	
musti	
mustia	
mustianus	
mustio	
mustioli	
mustiolus	
mustitoniu[s]	
mustius	MSTI, MSTH, MšTH
mustiuius	
mustolus	
mustu	
mustula	
mustule	
mustulus	
mustuni	
mustus	
musunia	
mususis	
muteolus	
muthum	
muthumbal	mtnbᶜl
muthumbalis	
muthun	
muthunbal	
muthune	
muthunilim	mtnᵓlm
muthunis	
muthunos	
muthunus	
muthuttiae	
mutisa	
mutrar	
mutthumbalis	
mutthumbalis	
mutthumbalis	
mutthun	
mutthun[	
mutthunbal	
mutthunilim	
mutthunis	
muttine	
muttinem	
muttinen	
muttines	
muttini	
muttinis	
muttius	
mutto	
muttonis	
muttun	
mutum	
mutumbal	
mutumbalis	
mutun..	
mutunbalis	
mutunchlieris	
mutunim	
mutunis	
mutzuar	
mygdonem,	
mygen	
myggyn	
myridis	
mythicsin	
mythumba[	
mythumbal	
mythumilim	
mythunibal	
mytthum[	
mytthymbal	
mzandulis	
n[  ]hestha	
nab[ ]im	
nababi	
nabdalsa	
nabdalsam	
nabdasen	
nabdhsen	
naber[	
nabera	
naberi	
naberim	
nabigius	
nabira	
nabis	
nabor	
naborianus	
naboris	
nabra	
nabtafis	
nabu	
naburu	
nabuzabatus	
nacusan	
nadanis	
nadese	
nados	
nafaminna	nᶜm pᶜm
nafamo	
naffaniani	
nafi	
nagede	
nagud	
nagudianus	
nahania	
nahanius	
naila	
nainis	
naltzal	
naltzalus	
nama[	
namced	nᶜmgd
namcetdin	nᶜmgdn
namchel	nᶜm
namcid	
namcido	
namefamo	
namephamo	
namfam	
namfame	
namfami	
namfamila	
namfamina	
namfamo	
namfamonis	
namgeddae	
namgedde	nᶜmgdᵓ ; nᶜmtgdᵓ
namgeddeni	
namgeddo	
namgede	
namgibe	
namgidde	
namgiddo	
namgide	
namgidenis	
namgidi	
namgoddina	
namgur	
namgyddi	
namhamo	
namhamonis	
namhmo	
namimao	
namnio	
namp[	
nampam	
nampame	
nampame	
nampamila	
nampamin	
nampamina	
nampamo	
nampamone	
nampamonis	
namph	
namphadora	
namphamae	
namphame	
namphamina	
namphamo	
namphamone	
namphamonem	
namphamoni	
namphamoni	
namphamonis	
namphamosa	
namphanionis	
namphm	
namphula	
nampio	
nampom	
namponius	
namptoius	
nampula	
nampuli	
nampulina	
nampulo	
nampulus	
namsete	
namulius	
nanes	
nannaricus	
nannemis	
napame	
napamo	
napascaris	
nape	
napeus	
naphamina	
]napia	
napia	
napoca	
napotia	
napotis	
napotius	
napuli	
narat	
narcudianus	
nargadius	
nargaus	
nargeudud	
nargius	
nargrani	
nargu	
nargudianus	
nargududis	
narilai	
narizal	
narnitas	
narsalus	
narseli	
narsn	
narsis	
narti	
nartialus	
nartzalus	
narzales	
nasc	
nasif	
nassaei	
nassaietia	
nassaius	
nassei	
nasser	
nasseus	
nassii	
nassulus	
nasula	
natabut	
nathun	
nathusa	
nattussa	
nautatis	
navase[	
nazmuri	
nectoreca	
nedifa	
negasen	
nersanis	
netoni	
netunus	
nezrifa	
nibilis	
nican	
nicandrum	
nicebi	
nicudius	
nifaten	
nimira	
nimlilis	
nimmira	nymrᶜn
nimmire	
nimuli	
nina	
ninae	
nine	
nini	
ninosa	
ninu[	
ninus	
niptheus	
nir[ ]ici	
nisazru	
niscar	
nizaz	
nopasis	
noppasis	
nozari	
nozaris	ᶜzr
nu[ ]ez	
nube[	
nubel	
nubelem	
nublii	
nucfu	
nuffusi	
nuffusis	NFšH
nuffuzi	
nuluc	
numerian	
nundinar	
nusanula	
nuuel	
nyfthae	
nymysagen	
nyptanis	nptḥn
nyz	
obbalus	ᵓb bᶜl ; ᵓb
ocar	
occonis	
odosilim	qdš ᵓlm ; ᵓlm
oezalce	
oezalcen	
oezalci	
ogunius	
olia	
olusita	
ontiseren	
oricufonis	
ortiniis	
oseus	
otmelc	ḥtmlk
otmilc	
oxten	
p[ ]ssin	
pacrusis	
paeti	
pamilla	
panala	
pardali	
passara	
passaris	
pattara	
pattiso	
pelaz	FLš
perec	
pereg	
peregia	
peregil	
peric	
phazania	
phelyssam	
pherinas	
phesylcum	
phethunis	
picin	
pic son usalu	
pincula	
pinira	
piricis	
piricistus	
piripta	
pirric	
pistu	
pmasde	
posiina	
pucxinis	
pugel	
pullut	
pulych	
pusina	
pusinicus	
pusinna	
pusinne	
pusinnica	
pusinni[	
puttapus	
putzintulus	
putzintule	
r[  ]iaucan	
ra[ ]th	
rabirra	
raphia	
rastus[	
[r]asusa	
reburra	
reriuth	
renex	
rerict	
rerriche	
rerycth	
ridai	
riddei	
ridea	
rideus	rydᶜy
rirachan	
risuil	ršᵓl
ritano	ᶜštrtn ; ᶜštrytn
ritibila	
rocius	
rocna	
rocnia	
roffas	
rohavi	
roc[   ]a	
rosauaruarage	
rozona	
rozoni	
rsath	
rucem	
rusilla	rš
rusin	
rusinia	
rusonianus	rš
rusonis	
rusu	rš
ruzerati	
rystraban	
ṣiṣa	
ṣiddin	
ṣidin	
s(u?)zen	
sa[ ]dius	
saba	
sabare	šbr
sabarro	
sabboram	
sabbura	
saberalis	
sabia	
sabon	
sabuli	
sabullina	
sabulus	
saburra	
saburra	
saburrae	
saburram	
saburrio	
sacatorabbai	
saccanis	
saccar	
sacco	
sacconius	
sacimatho	
sacnam	
sacon	
sacoma	
sacsula	
sactu[t]	
sactut	
sacxo	
sada	šdp
sadaris	
sadauis	
sadeca	
sadiariu	
sadica	
sadita	
sadith	
sadufa	
sadufai	
sadunis	
sadunti	
saduntius	
sadurus	
saedus	
saen	
saesolianus	
saesula	
safaredir	
safaren	
safargi	
safargius	
safari	
safi	
safidiae	
safidio	
safinus	
safotis	špṭ
safria	špr
safsula	
safurais	
sagari	
sagaris	
sagganis	
saggeus	
saggin	
sagsa	
sahn	
sahnaim	
sahnamt	
sahorina	
saica	
saicham	
sain[	
saiu[	
saiyn	
sala	
salacs	
salasus	
salcamaris	
salda	
salgamar	
salgan[	
salginus	
salita	
salla	
sallucis	šlk
salo	
salpin	
sals	šlš
salsa	šlš
salsae	
salse	
salsu[	
salsuia	
salsula	
salsulus	
saltumis	
saluidenia	
salus	
samaita	
samalus	
samanae	
samannicus	
samardaci	
samardacus	
samasci	
samate	
sambarili	
sambu[	
sambuc	
samit	
samiti	
sammac	
sammata	
sammi	
samonis	šmʕ
sampsurica	
samsala	
samsera	
samsucan	šmš
samsuca	
samuniam	
samuniani	ᵓšmn
samunio	ᵓ ; šmn
samuri	
san	
sana	
sanae	
sanaemonis	
sanais	
sanam	
sanamem	
sanamt	
sandula	
sangin	
sanmilc	
sannacrio	
sanzin	
sapancioni	
sapau[	
saph[   ]ica	
saphiris	špr
sapho	
saphoica	
saphonis	
sapi	
sapida	
sapidae	
sapidam	
sapiria	špr
sapo	
sapon	
saponianus	
saponius	
saposo	špṭ
sapote	špṭ
sapphir	špr
sappir	
saprucina	
saprugina	
sapunum	ḍpᵓn
saqsa	
saraca	
sardilus	
sargani	
saricis	
sarniosi	
saron	
saronius	
sarpida	
sarr[a]ne	
sarrona	
sarroniae	
sarrune	
sarzun	
sasa	
sasi	
sasnamt	
sasoli	
sasrap	
sassa	
sast	
satala	štl
satara	
satiara	
saticeus	
satluc	
satnamt	
sato	šTH
sattae	
sattara	
sattari	
sattasus	
sattonius	
sattun	
satula	šTL
saturbalius	bᶜl
saubullina	
saun	ḥwy ; ḥwy
sausa	
saxa	
saxo	
scini	
scoforoi	
secchun	
secupa	
securi	
seddena	
sedeni	
sedot	
sefessi	
sefessu	
sefissu	
segeddutis	
seic[   ]	
seimo	
selan	
selaucha	
selauchanis	šLUKN ; šLKN
selcat	
selcheni	šlk ; slkny, slkᶜny, sᶜlkny, shlkny ; bnw slkᵓn ; šLKN ; šᶜlknʕ
selhan	
selidiu	šLDIH ; šLDUH
selidiunis	
selsum	šLšM
semmudah	
sene	
senila	
sepemazinu	
sepunia	
serana	
seratis	
serbuca	
seren	
serfelsere	
seris	
sern	
serninus	
sesia	
sesihis	
sesola	
sesonis	šlš ; šš
sessthis	
sesum	
seunius	
sfichenius	
sfichinnius	
sglipao	
si[   ]an	
siṣan	
siana	
siblm	
sibnani	
siboi	šbʕ ; šBI
sicharbas	
sicchuris	
sicinas	
siciniae	
sicumas	
sidbii	
sidd[  ]nis	
siddin	
siddina	
siddine	
siddini	
siddinpalni	
sider	
sidiatho[	
sidiathones	
sidifan	
sidin	
sidina	
sifila	
sifissu	
sigess	
sihhan	
silandula	
silaruti	
silec	šlk ; šLKH
sileca	
silecis	
sileha	
silh	
silibudi	
silisbu	
sillecas	
silleha	
silo	
silunis	
silunus	
siluon	
simalas	
[simi]tinus	
sineus	
sinfaria	
sinianis	
sinifas	
sinifere	
sinisgun	
sinnulus	
sinsicio	
sinsicus	
sinti	
sinzera	
siolis	
sipo	
sipu[	
sirifius	šrp
sirimbatis	
siripae	
siripo	
siririttas	
siritis	
sirni	
sirpicus	
sisati	
sisatiu	
sischoi	
sisipa	
siso	
sisoi	sysᵓy
sissi	
sissin	
sissioi	
sissoi	
sissoa	
sissoi	
sissonia	
sissonies	
sisulus	
sisus	
sitifis	
sitife	
sizayr	
smagarsae	
smasala	
soas	
sofeius	
sofenia	
sofosa	
sofossu	
soglo	
soludmia	
solut	
sonlssa	
sophe	
sophoniba	
sophonibam	
sorica	
soropot	
soror	
sorora	
sororor	
sorotius	
sosolis	
sossia	
sotas	
souinisas	
sozoum	
spendeu	
srduman	
srucan	ᵓzr
stachumelis	
stacunula	
sticsicis	
stid[  ]inis	
stiddin	
stiddin	
stidin	
stontaus	
str	
straban	
stratonem	ᶜštrtytn
stratonis	
suaeo	swᶜ.ᵓ ; swᶜwᵓ
suartifan	
sucan	
succur	
sucinus	
suco	
sucro	
sudemis	
suf	
sufae	
sufenatia	
sufenas	
suffex	špṭ
sufia	
sufida	
sufidia	
sugan	
sugganis	
suitiis	
sulenia	
sumari	šmr ; šmr ; šMR
summodonis	
sumonis	
sumucis	
sumuda	
sunnius	
suparius	šFR
suphunibal	ḍpn bᶜl
suractus	
surilla	
suruclio	
surugis	
surulio	
surullio	
susrinna	
sussca	
sussim	
sutara	
suttun	
syphace	
syphacem	
syphacis	
syphax	
tabanis	
tabia	
tabita[	
tabonianus	
tacanus	
tacfarinas	
tacfarinate	
tacfarinatem	
tacfarinatis	
tachins	
tacneidir	
taden	
tadi	
tadia	
tadias	
tadis	
tafaran	
tafibra	
tafis	
taib[	
tailta	
talboni	
talimus	
talincia	
taluonis	
taluonius	
tamacar	
tamat	
tamatonius	
tamazu	
tameneum	
tammassa	
tammudi	
tamnizis	
tamonus	
tamudius	
tanadum	
tanin	
tap	
tap[	
tapafius	
tapapi	
tapapius	
tarafan	bnw ṭ
tascut	
tassil	
tasu	
taxuna	
tecle	
tectoris	
tedasin	
telilis	
telite	
telluli	
temrirmas	
terbaracinul	
terefne	
tesilasen	
teuestinus	
thaddac	
thader	ᵓdr
thadir	
thaeafa	
thagasi	
thagasius	
thallianis	
thamarcis	
thaneci	
thanubda	
thanubra	
tharsa	
tharsissa	
thefylgum	
theluerae	
themarsa	
themarsae	
thereba	
therefnat	
thesylgym	
theuestinus	
thiai	
thiaithi[	
thigianus	
thilbrae	
thililis	
thililuae	
thinobae	
thiua	
thiyssaae	
thsran	
thualath	
thudel	
thululem	
thusabiae	
thybur	
tidin	
tifilan	
tiftene	
tifzalis	
tilabir	
tilauca	
tilauge	
tilifan	
tilin	
timminus	
tinudum	
tipsaris	
tires	
tironis	
tiseran	
tiseras	
tisianes	
tissaenius	
tissenia	
titenia	
titor	
titoris	
tittalus	
tittorim	
tituria	
tituris	
tiua	
tizen	
tlecautes	
tobocicanis	
todote	
tossunia	
tossunis	
totonis	
tracali	
trahti	
trioua	
tsala	
tsedden	
tubian	
tuca	
tuccuda	
tudue	
tugga	
tumele	
tumudan	
tunada	
tunia	
tunin[	
turradi	
tursum	
turusas	
turut	
turutia	
tusdrun	
tutikania	
typafi	
tza	
tzacunis	
tzaius	
tzaiza	
tzapia	
tzelica	
tziddin	
tzinc[	
tzin[  ]	
tziro	
tzo[  ]	
u[.]oilim	
]ualgi	
uacurtum	
uadanus	
uadarius	
uaesiddina	
uaga	
ualca	
ualgia	
ualgio	
ualia	
ualsamius	
uaragi	
uarbas	
uardali	
uarica	
uariccalae	brkᵓl
uaricos	
uaricus	
uarigata	
uarila	
uarilla	
uarinnum	
uarinnus	
uarnychun	
uarzh[  ]lus	
uarsis	
uarsissima	
uarsutina	
uartaia	
uarthigalis	
uarti	
uartilam	
uartimii	
uartinigig	
uarubas	
uarza	
uasar	
uasari	
uascina	
uasefanis	
uasira	
uassai	
uatimat	
ucmetio	
udsimeus	
uerosaca	
uerota	
uertaia	
uesdrunus	
uetunia	
ueuman	
uezrunianus	
uffil	
uiderud	
uigel	
uihinam	
uinṣer	
uipsindir	
uiri p	
uisurcuris	
uittunae	
ul.mat	
ulucio	
umbubalio	
umylthe	
uodias	
uoltio	
uoltius	
upator	
uratha	
ureti	
urtanc	
urubius	
urupila	
ururia	
ururie	
ustriut	
usuctor	
usumia	
utammae	
utica	
utimgo	
uttruna	
uuzale	
uzulus	
wisicir	
yanba[    ]	
ymmannai	ᵓomman
yriraban	
ysyṣan	
zab	
zab[	
zaba	
zabaei	
zabbeu	
zabbius	
zabbur	šbr
zabda	
zabde	
zabeas	
zabin	
zabo	
zabog	zybqᵓ
zabon	
zaboni	
zabonia	
zabonis	
zabucius	
zabul	
zabulia	
zabulica	
zabulim	
zabulina	
zabulius	
zabulla	
zabullaca	
zabulli	
zabullia	
zabullia	
zabullica	
zabulliga	
zabullina	
zabullius	
zabullu	
zabullus	
zabulus	
zacauimici	
zaebulis	
zaecethuris	
zaecoi	
zaedonis	
zafrem	
zaigulitanus	
zaio	
zalo[	
zambaco	
zambri	
zamensis	
zammac	
zannea	
zannei	
zannulus	
zaplutius	
zara	ᶜzr
zaracaia	
zarur	
zarzio	
zascius	
zasgia	
zauasecanai	
zdrumae	ᶜzr
zebbocis	
zebuciani	
zecenor	
zeias	
zella	
zelma	
zembrum	
zentuc	
ziarur	
zibbiena	
zibboi	
zibboriano	
zibir	
zibuc	
zibucis	
ziddinae	
ziddini	
ziddinus	
ziligura	
zinit	
ziommoris	
ziora	
ziperis	
zmiz	
zobicus	
zoboc	
zocabne	
zoccaea	
zoccaeus	
zoccea	
zocunis	
zoeni	
zorae	ᶜzr
zostalus	
zrubalis	ᶜzrbᶜl
zrumae	ᶜzr
zruman	
zrumanis	
zubbaeus	
zucchaban	
zucu[	
zuresius	ᶜzr
zurgem	
zurumius	
]ambart	
]amon	
]cutai	
]dasac	
]echo	
]ga	
]gadiv	
]gasenis	
]gbalis	
]giaduris	
]goddeo	qdš
]gyddus	nᶜmgd
]his	
]iarte	
]ibitua	
]idius	
]irsai[	
]isrix	
]ittes	
]liathon	
]micart	
]milth[	
]mirath[	
]missimione	
]mysu[	
]sissa	
]sthar	
]sussa	
]uchmarisq	
]umbal	
]urinis	
]urupila	
]uttunim	
